,MSE,RMSE,Spearmanr Coef,Spearmanr P Value
0,0.06490430704632928,0.25476323723474953,0.15167110276664106,0.0
