,MSE,RMSE,Spearmanr Coef,Spearmanr P Value
0,0.004456698547019931,0.06675850917313786,0.023436254341038274,3.2315366760695896e-13
