,MSE,RMSE,Spearmanr Coef,Spearmanr P Value
0,0.04412322073173485,0.21005528018056308,0.11421727538853212,9.020384093192316e-278
