,MSE,RMSE,Spearmanr Coef,Spearmanr P Value
0,0.020505873284303373,0.1431987195623738,0.08393627447414952,1.606463673966643e-150
