,MSE,RMSE,Spearmanr Coef,Spearmanr P Value
0,0.004703552215232256,0.06858244830298971,-0.014430769838617819,1.5451746737927627e-07
