,MSE,RMSE,Spearmanr Coef,Spearmanr P Value
0,0.08199650979841366,0.28635032704436303,0.06051169391905516,1.7977959445328778e-107
