,MSE,RMSE,Spearmanr Coef,Spearmanr P Value
0,0.05544168161848606,0.23546057338434828,0.02219977907013095,6.886466250446492e-16
