,MSE,RMSE,Spearmanr Coef,Spearmanr P Value
0,0.026408302064884218,0.16250631392313414,0.03133193439475616,4.4467452064495945e-30
