,MSE,RMSE,Spearmanr Coef,Spearmanr P Value
0,0.006582728277456123,0.08113401430630758,0.004566947093186645,0.09681693722755977
