,MSE,RMSE,Spearmanr Coef,Spearmanr P Value
0,0.4200854975029557,0.6481400292397899,-0.04621172664819792,2.030657798073366e-63
