,MSE,RMSE,Spearmanr Coef,Spearmanr P Value
0,7.94758959796386,2.8191469628176287,0.11968270181394493,0.0
