,MSE,RMSE,Spearmanr Coef,Spearmanr P Value
0,0.14268628120764126,0.37773837666782184,0.11445076540158883,0.0
