,MSE,RMSE,Spearmanr Coef,Spearmanr P Value
0,0.10000170761033192,0.31623046597431426,0.23021350509511163,0.0
