,MSE,RMSE,Spearmanr Coef,Spearmanr P Value
0,0.02260101568986516,0.15033634188001635,0.07759270711473007,1.2641069758658909e-175
