,MSE,RMSE,Spearmanr Coef,Spearmanr P Value
0,0.09914042024979565,0.31486571780648914,0.20212249389715672,0.0
