,MSE,RMSE,Spearmanr Coef,Spearmanr P Value
0,0.004179304287089108,0.06464753890976135,0.012452884784070037,5.958253265784267e-06
