,MSE,RMSE,Spearmanr Coef,Spearmanr P Value
0,0.022768042708464394,0.15089083043201929,0.08922785716305133,8.541603207205505e-232
