,MSE,RMSE,Spearmanr Coef,Spearmanr P Value
0,0.004226610211883734,0.06501238506533762,0.01026208231888059,0.00019053675127814228
