,MSE,RMSE,Spearmanr Coef,Spearmanr P Value
0,0.054511051521463946,0.2334760191571373,0.13474669880495027,0.0
