,MSE,RMSE,Spearmanr Coef,Spearmanr P Value
0,0.05343194773684982,0.23115351551912383,0.16703083407082855,0.0
