,MSE,RMSE,Spearmanr Coef,Spearmanr P Value
0,0.0970948637910886,0.31160048746927305,0.29291473104867793,0.0
