,MSE,RMSE,Spearmanr Coef,Spearmanr P Value
0,0.0039983111451878705,0.06323220022415692,0.0015114236230970091,0.5804652759363274
