,MSE,RMSE,Spearmanr Coef,Spearmanr P Value
0,0.02198585188128162,0.14827626877313047,0.09183516098761468,2.736841928512034e-248
