,MSE,RMSE,Spearmanr Coef,Spearmanr P Value
0,0.052110697197212556,0.22827767564352971,0.23581557850403306,0.0
